[
  {
    "id": "order-1757834357489-nldfntzah",
    "tableNumber": 1,
    "session": "lunch",
    "date": "2025-09-14",
    "time": "13:19",
    "items": [
      {
        "id": "68c19c383b67d81cc1cc2e80",
        "name": "Toast bread",
        "quantity": 1,
        "category": "68c167dbc85542d7fb04fe23"
      }
    ],
    "status": "pending",
    "guestCount": {
      "adults": 2,
      "children": 0,
      "infants": 0
    }
  },
  {
    "id": "order-1757837098877-rto7u8e1w",
    "tableNumber": 1,
    "session": "lunch",
    "date": "2025-09-14",
    "time": "14:04",
    "items": [
      {
        "id": "68c19d3a3b67d81cc1cc2e82",
        "name": "Normal Vagitable",
        "quantity": 1,
        "category": "68c167dbc85542d7fb04fe23"
      }
    ],
    "status": "ready",
    "guestCount": {
      "adults": 2,
      "children": 0,
      "infants": 0
    }
  },
  {
    "id": "order-1757838556077-qqbzvtdp5",
    "tableNumber": 1,
    "session": "lunch",
    "date": "2025-09-14",
    "time": "14:29",
    "items": [
      {
        "id": "68c19c383b67d81cc1cc2e80",
        "name": "Toast bread",
        "quantity": 1,
        "category": "68c167dbc85542d7fb04fe23"
      }
    ],
    "status": "ready",
    "guestCount": {
      "adults": 2,
      "children": 0,
      "infants": 0
    }
  },
  {
    "id": "order-1757840511114-9jsi3irsq",
    "tableNumber": 1,
    "session": "lunch",
    "date": "2025-09-14",
    "time": "15:01",
    "items": [
      {
        "id": "68c19c383b67d81cc1cc2e80",
        "name": "Toast bread",
        "quantity": 5,
        "category": "68c167dbc85542d7fb04fe23"
      },
      {
        "id": "68c17c673b67d81cc1cc2e7d",
        "name": "Pizzs",
        "quantity": 4,
        "category": "68c167dbc85542d7fb04fe23"
      },
      {
        "id": "68c19d3a3b67d81cc1cc2e82",
        "name": "Normal Vagitable",
        "quantity": 1,
        "category": "68c167dbc85542d7fb04fe23"
      }
    ],
    "status": "ready",
    "guestCount": {
      "adults": 2,
      "children": 0,
      "infants": 0
    }
  },
  {
    "id": "order-1757840511152-oi0yfiv96",
    "tableNumber": 1,
    "session": "lunch",
    "date": "2025-09-14",
    "time": "15:01",
    "items": [
      {
        "id": "68c19c383b67d81cc1cc2e80",
        "name": "Toast bread",
        "quantity": 5,
        "category": "68c167dbc85542d7fb04fe23"
      },
      {
        "id": "68c17c673b67d81cc1cc2e7d",
        "name": "Pizzs",
        "quantity": 4,
        "category": "68c167dbc85542d7fb04fe23"
      },
      {
        "id": "68c19d3a3b67d81cc1cc2e82",
        "name": "Normal Vagitable",
        "quantity": 1,
        "category": "68c167dbc85542d7fb04fe23"
      }
    ],
    "status": "preparing",
    "guestCount": {
      "adults": 2,
      "children": 0,
      "infants": 0
    }
  },
  {
    "id": "order-1757842781581-g0hiyxnhh",
    "tableNumber": 1,
    "session": "lunch",
    "date": "2025-09-14",
    "time": "15:39",
    "items": [
      {
        "id": "68c19d3a3b67d81cc1cc2e82",
        "name": "Normal Vagitable",
        "quantity": 3,
        "category": "68c167dbc85542d7fb04fe23"
      },
      {
        "id": "68c19c383b67d81cc1cc2e80",
        "name": "Toast bread",
        "quantity": 2,
        "category": "68c167dbc85542d7fb04fe23"
      },
      {
        "id": "68c17c673b67d81cc1cc2e7d",
        "name": "Pizzs",
        "quantity": 1,
        "category": "68c167dbc85542d7fb04fe23"
      }
    ],
    "status": "pending",
    "guestCount": {
      "adults": 2,
      "children": 0,
      "infants": 0
    }
  },
  {
    "id": "order-1757844442893-rav5ekj2q",
    "tableNumber": 1,
    "session": "dinner",
    "date": "2025-09-14",
    "time": "16:07",
    "items": [
      {
        "id": "68c19c383b67d81cc1cc2e80",
        "name": "Toast bread",
        "quantity": 2,
        "category": "68c167dbc85542d7fb04fe23"
      },
      {
        "id": "68c17c673b67d81cc1cc2e7d",
        "name": "Pizzs",
        "quantity": 1,
        "category": "68c167dbc85542d7fb04fe23"
      }
    ],
    "status": "pending",
    "guestCount": {
      "adults": 2,
      "children": 0,
      "infants": 0
    }
  },
  {
    "id": "order-1757935020380-4xrg2tc5q",
    "tableNumber": 1,
    "session": "dinner",
    "date": "2025-09-15",
    "time": "17:17",
    "items": [
      {
        "id": "68c19c383b67d81cc1cc2e80",
        "name": "Toast bread",
        "quantity": 2,
        "category": "68c167dbc85542d7fb04fe23"
      },
      {
        "id": "68c19d3a3b67d81cc1cc2e82",
        "name": "Normal Vagitable",
        "quantity": 3,
        "category": "68c167dbc85542d7fb04fe23"
      },
      {
        "id": "68c17c673b67d81cc1cc2e7d",
        "name": "Pizzs",
        "quantity": 1,
        "category": "68c167dbc85542d7fb04fe23"
      }
    ],
    "status": "pending",
    "guestCount": {
      "adults": 2,
      "children": 0,
      "infants": 0
    }
  },
  {
    "id": "order-1757935327795-t8gtfsjji",
    "tableNumber": 1,
    "session": "dinner",
    "date": "2025-09-15",
    "time": "17:22",
    "items": [
      {
        "id": "68c19d3a3b67d81cc1cc2e82",
        "name": "Normal Vagitable",
        "quantity": 1,
        "category": "68c167dbc85542d7fb04fe23"
      },
      {
        "id": "68c19c383b67d81cc1cc2e80",
        "name": "Toast bread",
        "quantity": 1,
        "category": "68c167dbc85542d7fb04fe23"
      }
    ],
    "status": "pending",
    "guestCount": {
      "adults": 2,
      "children": 0,
      "infants": 0
    }
  },
  {
    "id": "order-1757939559579-ikn7zy2d3",
    "tableId": "68c152a9c85542d7fb04fe1f",
    "tableNumber": 1,
    "session": "dinner",
    "date": "2025-09-15",
    "time": "18:32",
    "items": [
      {
        "id": "68c19c383b67d81cc1cc2e80",
        "name": "Toast bread",
        "quantity": 1,
        "category": "68c167dbc85542d7fb04fe23"
      },
      {
        "id": "68c17c673b67d81cc1cc2e7d",
        "name": "Pizzs",
        "quantity": 1,
        "category": "68c167dbc85542d7fb04fe23"
      }
    ],
    "status": "ready",
    "guestCount": {
      "adults": 2,
      "children": 0,
      "infants": 0
    }
  },
  {
    "id": "order-1757947852182-abe4ga7lb",
    "tableId": "68c190da3b67d81cc1cc2e7f",
    "tableNumber": 1,
    "session": "dinner",
    "date": "2025-09-15",
    "time": "20:50",
    "items": [
      {
        "id": "68c19d3a3b67d81cc1cc2e82",
        "name": "Normal Vagitable",
        "quantity": 5,
        "category": "68c167dbc85542d7fb04fe23"
      }
    ],
    "status": "pending",
    "guestCount": {
      "adults": 2,
      "children": 0,
      "infants": 0
    }
  },
  {
    "id": "order-1757949133444-jji11h8ch",
    "tableId": "68c15d06c85542d7fb04fe22",
    "tableNumber": 1,
    "session": "dinner",
    "date": "2025-09-15",
    "time": "21:12",
    "items": [
      {
        "id": "68c19c383b67d81cc1cc2e80",
        "name": "Toast bread",
        "quantity": 1,
        "category": "68c167dbc85542d7fb04fe23"
      }
    ],
    "status": "pending",
    "guestCount": {
      "adults": 2,
      "children": 0,
      "infants": 0
    }
  },
  {
    "id": "order-1757949278734-a9tzaqgfr",
    "tableId": "68c1555bc85542d7fb04fe21",
    "tableNumber": 1,
    "session": "dinner",
    "date": "2025-09-15",
    "time": "21:14",
    "items": [
      {
        "id": "68c19c383b67d81cc1cc2e80",
        "name": "Toast bread",
        "quantity": 2,
        "category": "68c167dbc85542d7fb04fe23"
      }
    ],
    "status": "pending",
    "guestCount": {
      "adults": 2,
      "children": 0,
      "infants": 0
    }
  },
  {
    "id": "order-1757949629582-gydktd3hy",
    "tableId": "68c1555bc85542d7fb04fe21",
    "tableNumber": 1,
    "session": "dinner",
    "date": "2025-09-15",
    "time": "21:20",
    "items": [
      {
        "id": "68c19c383b67d81cc1cc2e80",
        "name": "Toast bread",
        "quantity": 1,
        "category": "68c167dbc85542d7fb04fe23"
      }
    ],
    "status": "pending",
    "guestCount": {
      "adults": 2,
      "children": 0,
      "infants": 0
    }
  },
  {
    "id": "order-1757949941534-iv7c3zkae",
    "tableId": "68c1555bc85542d7fb04fe21",
    "tableNumber": 1,
    "session": "dinner",
    "date": "2025-09-15",
    "time": "21:25",
    "items": [
      {
        "id": "68c19d3a3b67d81cc1cc2e82",
        "name": "Normal Vagitable",
        "quantity": 5,
        "category": "68c167dbc85542d7fb04fe23"
      }
    ],
    "status": "pending",
    "guestCount": {
      "adults": 2,
      "children": 0,
      "infants": 0
    }
  }
]